{"cameraMode":{"drawMode":0,"name":"Shaded","section":"Shading Mode"},"sceneLighting":false,"audioPlay":false,"sceneViewState":{"m_AlwaysRefresh":false,"showFog":true,"showSkybox":false,"showFlares":true,"showImageEffects":true,"showParticleSystems":true,"showVisualEffectGraphs":true,"m_FxEnabled":true},"in2DMode":false,"pivot":{"x":-0.6082928776741028,"y":0.04059305042028427,"z":3.903047561645508},"rotation":{"x":-0.04787341505289078,"y":-0.3582509756088257,"z":0.018397700041532518,"w":-0.9322071671485901},"size":0.7260195016860962,"orthographic":false}